{
  "1m": {
    "mae": 0.395449042074729,
    "rmse": 0.5751413829411287
  },
  "3m": {
    "direction_accuracy": 0.5886524822695035
  },
  "6m": {
    "direction_accuracy": 0.625
  }
}