{
  "1m": {
    "mae": 0.3922252606621763,
    "rmse": 0.5715036056555353
  },
  "3m": {
    "direction_accuracy": 0.5859649122807018
  },
  "6m": {
    "direction_accuracy": 0.6232394366197183
  }
}